id,gender,race,age_bucket,income,credit_score,employment_years,region,label
0,Male,White,25-34,88286.40828248231,753.9456319757313,7,Suburban,1
1,Female,White,25-34,58280.520650887236,699.7971127118261,1,Suburban,1
2,Female,Hispanic,55+,38456.37331767016,550.8649329800842,5,Urban,0
3,Male,Hispanic,25-34,80677.96131196473,637.7029593219559,1,Suburban,0
4,Male,Hispanic,25-34,51828.68080053415,690.6300764927079,10,Suburban,1
5,Male,Hispanic,45-54,61874.8383932433,692.3759968824659,1,Rural,1
6,Male,Hispanic,35-44,50332.14809384323,625.2620407495614,5,Rural,0
7,Female,Hispanic,45-54,55165.172843979104,703.8150001106292,8,Urban,1
8,Male,White,18-24,63963.30171469631,697.4238404983184,6,Suburban,0
9,Female,White,35-44,74014.29002266075,666.9306989356912,1,Urban,0
10,Male,White,18-24,83929.53870108769,825.410548786892,10,Suburban,1
11,Female,Asian,18-24,47197.30895536433,555.8980968739828,4,Urban,0
12,Female,Asian,55+,34649.5975246764,540.6490958292883,2,Urban,0
13,Male,White,18-24,86446.0628205009,746.9317277803692,1,Urban,1
14,Male,Hispanic,35-44,66851.75536829914,688.1239985775077,8,Suburban,1
15,Male,Asian,35-44,79695.82537360887,694.467189701853,0,Urban,1
16,Male,White,25-34,65476.83619261203,681.6270792696855,7,Suburban,1
17,Male,White,55+,80863.32975578136,711.0570248563199,0,Urban,1
18,Male,Asian,18-24,74003.98588395063,696.5652518498761,1,Urban,1
19,Male,White,45-54,84016.23376059363,818.4383415479002,4,Suburban,1
20,Male,Hispanic,55+,72356.21997245747,761.4461654110105,2,Urban,1
21,Male,White,35-44,84179.67670666362,695.8866722023484,1,Urban,1
22,Male,Asian,55+,54498.59260397854,692.3733500708528,4,Suburban,1
23,Male,Asian,18-24,56917.815912133636,692.41427237216,0,Urban,0
24,Male,Asian,35-44,67837.51023661501,618.4438431915776,9,Urban,1
25,Female,White,25-34,57138.31363312029,601.3949988822708,13,Urban,0
26,Male,Hispanic,45-54,60820.90454234109,559.5305108867722,0,Rural,0
27,Male,Hispanic,55+,63143.82532082079,647.0585144297492,0,Suburban,1
28,Male,White,25-34,64291.475813155615,809.8624301701418,3,Suburban,1
29,Male,Hispanic,45-54,59541.57414028922,616.0287629644279,5,Suburban,1
30,Male,White,25-34,76847.10474781084,773.7428816233436,4,Urban,1
31,Male,White,35-44,67269.16544429518,717.2941686959766,0,Urban,1
32,Male,White,35-44,58314.007411218045,761.250433905412,12,Suburban,1
33,Female,White,55+,49323.65149399022,685.3452362806631,6,Urban,0
34,Female,White,35-44,62289.9639245934,619.394891354679,5,Urban,1
35,Female,Hispanic,25-34,51112.76768053276,658.734506024242,5,Urban,1
36,Male,White,18-24,78676.19840209711,736.0806693920109,1,Urban,1
37,Male,Hispanic,25-34,71526.46407177078,614.642091244234,5,Rural,0
38,Male,White,25-34,72618.89563687946,724.9190329995431,6,Urban,0
39,Male,White,25-34,86650.32104839457,674.3706254676667,4,Suburban,1
40,Male,White,55+,66216.76922820261,697.3163742772917,0,Urban,1
41,Male,Hispanic,35-44,57398.10551037914,671.7547732165284,2,Rural,1
42,Male,White,35-44,83814.07528923571,769.8708434165147,0,Urban,1
43,Female,Black,18-24,32024.903600177695,564.1320937998839,0,Urban,0
44,Male,Hispanic,55+,76701.98709196603,683.4168119543556,15,Suburban,1
45,Male,Black,45-54,66084.07753799226,774.3830582599555,0,Suburban,0
46,Male,White,18-24,53476.164553908195,747.298946829055,4,Urban,1
47,Male,White,45-54,61110.91828970893,681.3557463573228,0,Urban,0
48,Male,Hispanic,35-44,58722.66093915494,644.3207172430511,0,Urban,1
49,Male,White,18-24,74684.87675576977,738.4219718930871,3,Urban,1
50,Female,Hispanic,35-44,62769.65386088188,679.6708279159674,1,Urban,1
51,Female,White,35-44,51822.84524269869,620.1927079583326,5,Urban,0
52,Female,Asian,25-34,38466.49489404041,695.3322220122768,0,Urban,0
53,Female,Hispanic,55+,40830.7245467007,657.1619354249574,4,Urban,0
54,Male,Asian,45-54,76008.21398422605,729.0767622278827,7,Suburban,1
55,Female,White,45-54,59998.808514409066,764.1658304099749,6,Rural,0
56,Male,Hispanic,35-44,53181.25874579199,675.6549543874073,0,Suburban,1
57,Male,White,35-44,70404.51058838244,633.4989286111131,4,Urban,1
58,Male,White,45-54,71385.37233306014,742.2076742381328,0,Urban,0
59,Male,Black,35-44,85546.86325902116,623.4371306323076,3,Rural,1
60,Male,Hispanic,18-24,66961.31459023907,621.757900103439,3,Urban,0
61,Male,Asian,35-44,71573.64963389571,608.0532124349241,8,Urban,1
62,Female,Hispanic,45-54,49975.961590811465,620.5123790013462,5,Suburban,0
63,Male,White,35-44,66622.90568105031,662.6532828260825,4,Suburban,0
64,Male,White,18-24,90898.38978180684,769.6019508265069,2,Suburban,1
65,Male,Hispanic,45-54,59808.426772063096,768.0087954676809,1,Urban,1
66,Male,White,25-34,80027.84426895194,819.8458854153001,2,Urban,1
67,Female,White,25-34,56258.19724009816,698.4799125140064,7,Rural,0
68,Male,White,25-34,64736.30792334108,776.2363365592986,5,Urban,1
69,Female,White,25-34,74258.94749624589,695.3066806878385,3,Suburban,1
70,Female,White,45-54,66789.31290059278,709.9395384284699,1,Suburban,1
71,Male,White,35-44,77180.25092132566,678.2395386172686,17,Suburban,1
72,Male,White,25-34,69061.88591931295,710.7803154034314,2,Urban,0
73,Female,White,55+,47493.03937011774,698.5902297808843,5,Urban,0
74,Female,Asian,55+,38466.67596794255,554.099458612407,0,Suburban,0
75,Female,White,55+,57866.702006907304,755.8645357285945,2,Rural,1
76,Female,White,25-34,52909.79042369509,800.5727473000235,5,Rural,1
77,Male,Hispanic,35-44,66725.2678292309,692.2684172866468,15,Urban,1
78,Male,White,55+,74225.56539274007,664.4608772127779,4,Urban,0
79,Male,Asian,45-54,47032.61987021947,721.5515933798686,2,Rural,1
80,Female,Hispanic,18-24,47201.89657622994,598.9750068307204,0,Suburban,0
81,Male,White,18-24,66596.08463794559,750.4181754626842,0,Rural,1
82,Male,White,35-44,96650.56067806602,806.1779903952457,10,Urban,1
83,Male,Hispanic,55+,46539.51749555944,692.5246831997746,8,Suburban,0
84,Male,Asian,35-44,56837.827554580355,660.7449807030628,4,Suburban,1
85,Male,White,35-44,72957.04666698162,763.1530132110175,1,Suburban,1
86,Female,Black,18-24,44260.27136405622,610.4769911477647,2,Urban,0
87,Male,White,45-54,67436.76575371425,726.0642753439238,14,Urban,1
88,Female,Asian,45-54,55055.892418358744,729.5115478347733,8,Suburban,0
89,Male,White,25-34,74541.38740630979,682.9778487086943,4,Urban,1
90,Male,Asian,45-54,69914.294527202,698.4023123871343,1,Urban,1
91,Female,Black,55+,50595.77061510467,579.9192531467929,0,Rural,0
92,Female,Black,25-34,49359.75389500046,492.7474496340162,4,Urban,0
93,Male,White,35-44,76867.6205484824,750.500773352318,3,Rural,0
94,Female,White,25-34,53250.65981209448,683.096860358843,2,Urban,0
95,Male,White,45-54,62353.13568243942,788.8179632244161,0,Suburban,1
96,Male,White,35-44,83407.3448212955,743.7974701889611,2,Rural,1
97,Male,White,35-44,72065.94484157955,649.5949583827086,0,Urban,1
98,Male,Hispanic,45-54,69258.4365862983,690.168724380697,4,Urban,1
99,Male,White,25-34,86414.64317972251,708.4481462728602,4,Urban,1
100,Male,White,55+,79441.98327290671,784.5081311596948,7,Urban,1
101,Male,Asian,35-44,49784.0315736733,737.1209784490906,15,Suburban,1
102,Male,Hispanic,25-34,87724.34720446882,732.1762033184634,1,Rural,1
103,Male,Asian,45-54,76029.2773274266,772.7952941573468,1,Urban,1
104,Female,Asian,45-54,51455.21197768241,620.7490837272667,7,Urban,1
105,Male,White,25-34,59556.226466516135,716.1698659913872,5,Urban,1
106,Male,White,55+,73884.91172857056,683.6365876859426,0,Suburban,1
107,Female,Hispanic,55+,44828.16916193932,617.4198513634769,2,Urban,0
108,Male,Hispanic,25-34,63723.4531848181,635.6930713424526,3,Suburban,1
109,Male,White,55+,51235.671436621364,684.3011044405276,9,Suburban,0
110,Male,Hispanic,18-24,65188.19049740599,606.6054731315279,0,Suburban,1
111,Male,White,25-34,76265.23205018055,689.537327206907,4,Urban,1
112,Female,White,25-34,61566.937282465246,762.7434694917324,16,Suburban,1
113,Female,White,55+,81036.7310306172,760.8565844864999,0,Urban,1
114,Male,White,45-54,70454.52281256556,709.5218589408137,0,Urban,1
115,Female,White,25-34,43623.95082543328,699.6039639587885,2,Rural,0
116,Female,White,35-44,69778.155496862,614.4958084048458,0,Suburban,0
117,Male,Hispanic,35-44,53864.807675720076,742.3731884580836,3,Urban,1
118,Female,White,18-24,56386.894380327096,703.1776863158861,2,Urban,0
119,Male,White,55+,76103.89639107697,751.4749427827414,6,Urban,1
120,Female,Hispanic,45-54,40754.358856219,560.8744003764474,1,Urban,0
121,Female,Asian,35-44,56207.47555279424,708.2169037924318,3,Urban,0
122,Male,Hispanic,55+,73155.01022444262,670.7505848579041,0,Urban,0
123,Male,Hispanic,35-44,56025.0843683279,590.4159604919388,7,Urban,0
124,Male,Hispanic,55+,65452.227089999826,668.0121221840541,1,Suburban,1
125,Male,White,45-54,59727.04309572191,624.6203230969868,19,Suburban,1
126,Female,White,35-44,65002.4046943657,688.3223893724074,2,Suburban,0
127,Female,White,25-34,54459.44706587216,784.4172812923028,4,Urban,0
128,Male,White,55+,79347.70064556891,753.1192347719001,10,Rural,1
129,Male,White,35-44,76597.177286821,708.285092412912,0,Rural,1
130,Male,Hispanic,25-34,77795.18669760159,566.9542447298984,2,Rural,0
131,Male,White,18-24,76572.58436785298,726.8831521489423,0,Rural,1
132,Male,White,35-44,65343.35196476792,796.8016702098153,0,Rural,1
133,Male,White,35-44,88680.98481763812,680.2439333929817,3,Suburban,1
134,Female,Hispanic,45-54,31683.177527939737,579.1176819459725,4,Urban,0
135,Male,White,55+,63197.16396177128,726.3745009906797,3,Suburban,1
136,Male,Hispanic,18-24,85958.4350180916,765.6805546055514,1,Suburban,1
137,Female,White,45-54,72046.74439993704,690.8418087836516,4,Suburban,0
138,Male,White,25-34,83794.17041137403,679.9253665621361,4,Suburban,1
139,Female,White,55+,66569.4711232428,757.9727749418618,4,Urban,1
140,Female,Hispanic,45-54,38884.19750486449,637.0929185695413,1,Urban,0
141,Male,White,35-44,93095.14918518606,669.3832852404156,3,Rural,1
142,Male,Hispanic,45-54,46599.22255494248,644.9851920024689,6,Suburban,0
143,Male,White,25-34,75641.67125624674,707.6363736243374,14,Suburban,1
144,Male,White,35-44,73868.7194748426,658.9079013025514,0,Urban,1
145,Male,Hispanic,45-54,73525.95803295102,779.5543640544761,2,Urban,1
146,Male,Hispanic,35-44,74583.85819842042,677.1669070409745,1,Rural,1
147,Male,Hispanic,25-34,74362.0900957995,683.6026052202865,4,Suburban,1
148,Male,Hispanic,35-44,62025.1779912615,727.6243649199589,6,Suburban,1
149,Male,Hispanic,45-54,66443.43467296693,707.7755114424618,0,Urban,0
150,Female,Hispanic,25-34,41680.450825055486,609.7663144986308,1,Suburban,1
151,Male,Hispanic,25-34,70225.61920875327,578.4852177270255,4,Urban,0
152,Male,Hispanic,45-54,84203.67502144261,623.0589240436643,0,Suburban,1
153,Male,Hispanic,45-54,50108.535821008714,654.8147492104724,1,Urban,0
154,Female,Black,18-24,57395.84006441561,607.5843561593276,0,Urban,0
155,Male,Hispanic,25-34,78369.20437564712,737.4974907286907,8,Suburban,1
156,Male,White,18-24,98036.38752104789,674.0641763640617,5,Rural,1
157,Female,Hispanic,25-34,54796.79739509963,664.7442822192651,28,Urban,0
158,Male,Hispanic,35-44,55266.21161972966,705.6228784433877,10,Rural,1
159,Female,White,45-54,57233.64130838554,729.7782100690114,1,Urban,1
160,Male,Hispanic,45-54,85498.12095785927,685.5322619057334,1,Urban,0
161,Male,White,35-44,82917.9641280347,772.2085645928751,1,Urban,1
162,Male,White,25-34,61504.23788448468,690.7435494892211,18,Urban,1
163,Male,Hispanic,45-54,70597.00472411422,679.9739439448123,1,Suburban,1
164,Male,White,35-44,81928.55755817812,768.6604348311446,5,Urban,1
165,Female,Hispanic,55+,49046.902789506494,669.8933779527473,0,Urban,1
166,Male,Hispanic,35-44,76947.62861876938,721.6799879974631,4,Rural,1
167,Male,White,18-24,75222.03934542637,652.1757924128434,1,Urban,0
168,Male,White,45-54,93977.67016745977,696.5830343040104,6,Suburban,1
169,Male,White,25-34,69986.30728332182,649.083311184875,1,Urban,0
170,Male,Black,45-54,65964.41137581752,604.2501189913474,11,Suburban,1
171,Male,Asian,18-24,78414.31975373703,643.7765768688349,11,Urban,1
172,Male,Black,25-34,56608.777207299616,645.1118329707473,15,Urban,1
173,Male,White,55+,59918.121456460714,652.0691976993462,0,Urban,1
174,Male,Black,25-34,50100.42207447986,618.350041574168,1,Urban,1
175,Male,White,45-54,84902.38453705182,705.5541001824357,10,Urban,1
176,Male,Hispanic,25-34,72828.73734948573,651.2724588707308,9,Suburban,1
177,Male,White,35-44,69350.18088967924,740.5107996125301,5,Rural,0
178,Female,Hispanic,45-54,51493.63482271189,669.700649625445,2,Rural,0
179,Male,White,35-44,97206.83796583113,747.6482448792009,3,Suburban,1
180,Male,Asian,25-34,61399.60731243018,624.9957524196641,8,Urban,1
181,Male,White,25-34,73711.0081588181,740.7437149794251,5,Urban,0
182,Female,Black,18-24,52313.802525749925,651.8349055883231,14,Urban,1
183,Female,Asian,25-34,58168.67969532262,636.8552518615013,0,Urban,0
184,Male,White,45-54,85294.57481598358,778.9103438174061,5,Suburban,1
185,Male,Asian,55+,70533.63568772623,652.1631063479855,0,Suburban,1
186,Female,Hispanic,55+,50731.969910016946,643.219820470104,3,Urban,1
187,Male,White,45-54,71492.89555376503,773.9926039262934,0,Urban,1
188,Male,White,45-54,76786.94716810476,788.2476863829573,1,Rural,1
189,Male,Hispanic,45-54,65911.00866606123,756.2377422390279,4,Suburban,1
190,Male,White,25-34,87753.90737999015,730.1681857011287,8,Urban,1
191,Female,White,55+,54069.2786556777,719.8045940334011,9,Rural,1
192,Female,White,45-54,72181.94711754256,775.0503623864538,2,Rural,1
193,Male,Black,35-44,63614.155237719795,664.0256000030854,0,Urban,0
194,Male,White,18-24,84331.28072341069,723.1952456845804,0,Urban,1
195,Male,Hispanic,35-44,65727.24627403288,675.0920237651937,4,Suburban,1
196,Female,Asian,35-44,40836.7908092658,598.9907556194519,14,Rural,0
197,Female,Asian,55+,59965.24633896581,623.4820151479095,2,Rural,1
198,Female,Hispanic,35-44,54240.66861518451,656.2130210272215,2,Urban,0
199,Female,White,25-34,46317.310612743706,633.6525292475804,3,Urban,1
200,Male,Hispanic,55+,75126.37409644072,667.2186818778247,3,Suburban,1
201,Male,White,18-24,63622.620041886075,714.8429870185441,20,Suburban,1
202,Male,White,35-44,73185.50930752483,717.8686591809591,5,Urban,1
203,Female,White,18-24,44465.722015332074,781.75928882209,2,Rural,1
204,Male,White,45-54,68779.65194445619,747.9165311031494,8,Suburban,1
205,Male,Hispanic,55+,55045.96396975253,746.4090392176032,3,Rural,1
206,Male,Hispanic,25-34,73580.14195302145,632.1703283047597,3,Rural,1
207,Male,White,55+,83965.88654236018,650.3533978139942,27,Suburban,1
208,Male,White,25-34,82931.75688218678,726.8289002761229,2,Urban,1
209,Male,Asian,55+,50908.93072244023,630.4771350956067,0,Suburban,0
210,Male,White,45-54,67853.19323009568,743.9171884807864,0,Urban,1
211,Male,White,45-54,76494.19473509197,712.0745847200769,13,Suburban,1
212,Male,White,18-24,65048.51518146621,705.9733570746829,3,Urban,1
213,Male,Hispanic,55+,52665.024160550965,578.1831530887455,4,Suburban,0
214,Female,Hispanic,45-54,44140.723266822446,660.5960622023289,0,Urban,1
215,Male,White,25-34,73935.12116819453,701.2454969099904,8,Urban,1
216,Male,White,45-54,68077.49670734104,619.6313395865369,5,Urban,1
217,Female,Hispanic,25-34,61384.155206557094,662.7848009745015,10,Urban,0
218,Male,Hispanic,55+,67773.58461964676,666.659635660461,3,Suburban,0
219,Female,White,18-24,62482.739329114454,631.2027709961419,24,Suburban,1
220,Male,Asian,45-54,55246.3397272175,720.4217363239554,0,Suburban,1
221,Male,White,35-44,60788.46859854379,684.9316145761056,8,Urban,1
222,Male,White,18-24,85018.24853681937,710.139706617559,0,Urban,1
223,Male,Asian,25-34,54362.10383897968,614.869731886517,1,Urban,0
224,Male,White,18-24,57289.31446911908,730.8664334900293,2,Urban,1
225,Male,Black,35-44,69200.11460005396,624.1319585780448,11,Rural,0
226,Female,White,25-34,39244.11990921467,684.94063526967,0,Urban,0
227,Male,White,35-44,64436.72000694259,661.511533957152,1,Urban,1
228,Female,Asian,25-34,54643.69863546574,627.1161020500414,0,Urban,1
229,Male,White,25-34,66087.83051958101,732.0694643154548,0,Urban,1
230,Female,Hispanic,45-54,51810.627427710824,716.974529293514,0,Suburban,0
231,Male,White,18-24,72970.82536989555,733.9884168335728,9,Suburban,1
232,Male,White,55+,75078.80184694729,708.7982492395221,7,Urban,1
233,Male,White,55+,68607.69438719867,674.0632137900957,1,Urban,1
234,Male,Hispanic,45-54,51114.57446168789,571.1010192365023,3,Urban,1
235,Female,White,35-44,64881.04817719306,671.4778528434315,0,Urban,1
236,Male,Hispanic,55+,65347.137487525615,566.9219268156229,7,Urban,1
237,Male,White,25-34,82903.78525042853,797.9301281802288,0,Rural,1
238,Male,Asian,18-24,56435.01762590801,661.3185364633248,2,Suburban,0
239,Male,White,25-34,69964.95838112701,715.2337687486626,1,Suburban,1
240,Female,Hispanic,45-54,46171.82810387031,639.9853807901285,0,Urban,0
241,Female,Hispanic,18-24,55573.042937804865,648.865784124482,0,Urban,1
242,Female,Hispanic,35-44,46001.00937868863,659.4657470077253,19,Suburban,0
243,Male,Hispanic,55+,78147.79825596504,649.8722338450827,2,Suburban,1
244,Male,Hispanic,55+,53238.26663445219,677.6162814887881,0,Suburban,0
245,Female,Black,35-44,47789.91794748474,660.8807581084259,8,Urban,0
246,Male,White,18-24,72974.7577293517,696.5599053962028,1,Suburban,1
247,Female,White,45-54,45980.919322837624,761.9901291827584,0,Urban,0
248,Female,Asian,35-44,62376.53757511998,681.3649193771648,2,Rural,1
249,Female,Black,18-24,42218.80769688762,595.359400807329,1,Suburban,0
250,Male,Hispanic,18-24,74788.89558556779,606.2017391223926,4,Suburban,1
251,Male,White,55+,65148.05597212652,785.3951724330325,8,Urban,1
252,Female,White,45-54,58500.59280920891,636.8430020829733,8,Suburban,0
253,Male,White,45-54,71720.5807973264,761.7746289867357,5,Urban,1
254,Male,Hispanic,55+,61344.94063014734,653.7799796185212,4,Urban,0
255,Male,White,35-44,68958.32396684146,649.7851983754232,0,Urban,1
256,Female,White,35-44,55480.50628088122,666.0135809948974,0,Suburban,0
257,Male,White,35-44,64387.06468288518,712.1138158764351,1,Urban,1
258,Male,White,25-34,78195.24670782956,810.8761101324438,10,Urban,1
259,Male,White,35-44,90452.57169754744,850.0,1,Rural,1
260,Male,White,45-54,64026.31681028933,640.1800704336943,7,Urban,1
261,Female,Hispanic,35-44,53812.44266478073,647.0160781719924,6,Suburban,1
262,Male,White,55+,84500.15828669646,746.6503943894164,0,Urban,1
263,Male,White,35-44,72596.71762566984,639.1033342919833,1,Urban,1
264,Female,White,35-44,63017.000089017354,721.7938115679472,2,Suburban,1
265,Female,White,35-44,62973.94853531108,707.8879472576588,2,Urban,1
266,Male,White,35-44,53038.721789000534,694.9325230150076,12,Urban,0
267,Female,White,45-54,75133.36278355726,745.0347642816507,8,Suburban,0
268,Male,Black,25-34,52000.59493298066,526.6004880768153,9,Suburban,0
269,Male,White,35-44,86936.44865573228,709.17104588643,14,Suburban,1
270,Female,Hispanic,18-24,63934.545275244316,699.4620003901335,8,Urban,1
271,Female,Hispanic,25-34,46673.42819436827,701.3583102289404,0,Urban,1
272,Female,Hispanic,35-44,66690.69525826331,619.5627949686694,2,Suburban,1
273,Female,White,45-54,52580.165719080556,767.161927057103,5,Suburban,1
274,Male,White,55+,80859.0420116465,694.0205352142654,3,Rural,1
275,Male,White,35-44,68455.98104831485,671.9227701502955,6,Rural,1
276,Female,White,45-54,45009.84039541599,690.4176021786682,17,Rural,1
277,Male,Asian,35-44,56158.41520056232,526.7375835903524,11,Urban,0
278,Female,White,35-44,78555.03314794262,739.7667703747072,1,Urban,0
279,Female,White,18-24,49640.890149875435,692.3129633652915,1,Suburban,0
280,Female,Black,25-34,54603.0479628147,647.7272291661574,3,Urban,0
281,Male,Hispanic,25-34,69739.3409921135,633.7080381125751,4,Urban,1
282,Male,White,35-44,83875.0396741406,771.9173723897145,18,Rural,1
283,Male,White,18-24,56395.52000075694,749.6077007374682,5,Rural,1
284,Male,White,18-24,71505.60672783044,682.8771692900184,8,Urban,1
285,Male,White,25-34,58544.073859581855,783.8213334548733,3,Urban,0
286,Male,White,55+,70877.7925497553,766.5514791506257,10,Urban,0
287,Male,White,25-34,75969.7017676085,718.7553046357715,9,Rural,1
288,Male,White,35-44,72200.06698125521,658.2485301702659,0,Rural,1
289,Male,White,25-34,78144.79472483405,820.0498301229159,5,Urban,1
290,Male,White,35-44,69193.5169744605,688.6242546050291,0,Urban,1
291,Male,White,25-34,81301.48776427862,637.4655512301417,9,Rural,1
292,Female,White,25-34,52683.68261091472,797.2057168687038,15,Urban,1
293,Male,Hispanic,35-44,68332.40036522428,676.8246352276758,3,Suburban,0
294,Male,Hispanic,18-24,58917.73492555241,677.0735163127786,1,Rural,1
295,Male,White,18-24,99849.69953586654,812.4804855168444,4,Urban,1
296,Female,White,25-34,56028.046838540125,650.9145598157473,4,Suburban,0
297,Male,White,18-24,75769.83141407154,731.9734677000462,4,Urban,1
298,Male,Black,18-24,65681.03205128646,583.1982571057895,4,Urban,0
299,Male,Hispanic,25-34,62506.358983740545,787.5886107404963,3,Rural,1
300,Male,White,45-54,77428.82013150275,623.3238849720534,1,Urban,1
301,Male,Asian,35-44,59780.9324989497,685.1248053184778,0,Rural,1
302,Male,White,35-44,94234.45794824953,705.5037094473205,2,Suburban,1
303,Male,White,25-34,79435.23738462415,644.3288020577048,2,Urban,1
304,Female,Hispanic,55+,29349.169537436796,630.7720485965947,6,Urban,0
305,Female,Hispanic,25-34,49702.58345844616,622.3970333215177,2,Urban,0
306,Male,Hispanic,18-24,81433.78155804533,699.466176129835,3,Urban,1
307,Male,Hispanic,35-44,88907.66164767725,707.7622663348011,1,Urban,1
308,Female,White,18-24,32956.08368397225,651.4618560657817,0,Urban,1
309,Male,Hispanic,25-34,57849.36779362574,627.3543296500296,3,Urban,1
310,Male,White,35-44,65150.06874182985,725.0840692192002,0,Suburban,1
311,Male,Hispanic,55+,76775.44724769586,666.1465158482674,1,Suburban,1
312,Male,White,35-44,69823.07427130785,715.4185120698542,2,Suburban,1
313,Female,Hispanic,45-54,66845.797460169,759.0407320602666,2,Urban,1
314,Female,White,55+,53213.56938705897,687.301692999928,2,Urban,0
315,Male,Black,18-24,62174.165756867136,615.8429913025888,16,Suburban,0
316,Male,White,25-34,90985.38112096342,781.0918040518694,1,Urban,1
317,Male,Hispanic,25-34,57713.47585679823,765.137618314237,3,Urban,1
318,Male,White,35-44,66906.19178917246,764.7413511084553,1,Rural,1
319,Male,White,35-44,83736.2850207453,732.2161466942204,4,Suburban,1
320,Male,White,55+,58841.132125895274,723.8235165177626,2,Suburban,1
321,Female,White,45-54,61925.60234532626,769.1635829179412,3,Urban,1
322,Male,Hispanic,35-44,63956.57207013108,683.6219245703973,4,Suburban,1
323,Male,White,25-34,77353.17961439099,700.3480249344518,13,Suburban,1
324,Female,Asian,45-54,39803.046802911434,650.121135369184,4,Suburban,0
325,Female,White,55+,54987.53861766521,776.3171876338886,10,Suburban,0
326,Male,White,45-54,82499.0023942371,746.4623943050634,4,Rural,1
327,Male,Hispanic,18-24,61038.53910062678,622.6629567622549,1,Suburban,1
328,Male,Hispanic,35-44,66893.28307292375,681.75549674193,5,Urban,1
329,Male,White,18-24,65857.18689203358,687.0599463208472,7,Suburban,1
330,Male,White,25-34,59624.15203550825,702.3789230814367,4,Suburban,0
331,Female,Hispanic,18-24,49070.17208410499,636.7762342965833,3,Suburban,1
332,Male,White,35-44,71116.53061698841,705.8355750635727,1,Urban,0
333,Male,Asian,45-54,60926.18632618189,734.4958637436221,4,Urban,0
334,Male,Asian,18-24,78111.67497802625,666.895726434121,10,Rural,1
335,Male,Hispanic,25-34,65797.56526899216,622.8359081641711,12,Suburban,1
336,Female,White,35-44,71395.55536025469,702.0274571326141,0,Rural,0
337,Female,Hispanic,25-34,51670.370007263555,672.5401265439593,2,Suburban,0
338,Male,White,18-24,73865.19354117858,734.9431172223891,2,Suburban,1
339,Male,White,35-44,85176.86412736359,773.6893865259169,13,Suburban,1
340,Male,White,45-54,80954.90897639257,701.460171153248,6,Rural,1
341,Male,White,18-24,73384.44016374112,692.1406192754637,1,Suburban,1
342,Male,Hispanic,18-24,78510.7289241314,722.8202883533712,18,Suburban,1
343,Male,Hispanic,25-34,77121.5868855033,652.4643440977959,2,Urban,0
344,Male,Hispanic,55+,62996.47422205836,674.5885788288008,14,Urban,1
345,Male,White,45-54,68237.58791757576,663.5193480400686,7,Suburban,0
346,Male,White,45-54,90587.89184496894,664.0648213578,2,Urban,1
347,Male,White,25-34,66593.92572530356,754.0914242578658,0,Urban,1
348,Male,Asian,35-44,62573.01252174718,568.0725039626,0,Urban,1
349,Male,White,18-24,63417.14003633996,629.338285047968,0,Urban,1
350,Male,Hispanic,35-44,74577.91614472905,684.9580837147604,0,Urban,1
351,Female,White,55+,76843.48516124982,776.844570915891,2,Urban,1
352,Male,White,35-44,67647.98965236754,800.4584022552323,3,Rural,1
353,Male,Hispanic,55+,62181.97619313276,667.1068935943669,2,Suburban,1
354,Male,White,45-54,74440.79551477787,741.3386719263838,3,Urban,1
355,Male,Hispanic,18-24,67562.21836081978,691.7342129573217,4,Urban,0
356,Male,Asian,55+,68813.09612264784,684.3957389228867,3,Suburban,1
357,Male,White,18-24,51426.65775400521,675.679231222648,17,Urban,1
358,Female,White,35-44,54852.17325085258,717.0286834601699,9,Rural,1
359,Male,White,18-24,67341.90019941289,715.6158102078473,3,Suburban,0
360,Male,Asian,18-24,74901.6623895929,664.0451086422827,1,Suburban,1
361,Male,White,35-44,77230.91225059894,790.3554069944465,0,Urban,1
362,Male,Black,25-34,60128.28643543685,654.1196382037785,1,Suburban,1
363,Male,Black,35-44,71461.7826070486,636.5624602710141,1,Urban,0
364,Female,Hispanic,35-44,47026.239207568935,634.7070690818415,1,Rural,1
365,Male,White,18-24,73471.8888293264,798.8842589885764,1,Suburban,1
366,Female,Hispanic,18-24,45158.26048751263,596.8459444998499,14,Urban,1
367,Female,Asian,35-44,36708.14866655118,633.6487267776001,11,Urban,0
368,Male,White,25-34,93134.07698515423,725.990133907276,20,Urban,1
369,Male,White,45-54,65278.476017973386,764.3944501557455,1,Suburban,1
370,Male,Asian,45-54,60212.41428478312,678.1862041621393,3,Urban,0
371,Male,White,45-54,61912.21687923071,808.6316432746572,0,Suburban,1
372,Male,Hispanic,45-54,68957.98848709746,682.1355290848368,2,Urban,1
373,Male,White,35-44,57918.8060539187,839.8035504521138,2,Suburban,1
374,Male,White,45-54,85973.00187543708,657.6906002951572,13,Rural,1
375,Male,Hispanic,25-34,65108.787582022305,693.1621417833181,3,Suburban,1
376,Female,White,25-34,62436.57223702715,657.9261518970557,1,Suburban,0
377,Male,White,45-54,68241.8602896668,639.6629563557078,33,Urban,1
378,Female,White,35-44,61105.3531747394,679.7895893655891,0,Urban,1
379,Male,White,45-54,72947.7161744419,664.2898882228033,3,Suburban,1
380,Male,White,45-54,66431.48134872201,660.1287833031696,0,Urban,1
381,Male,White,55+,73403.148125117,744.9064324838829,4,Urban,1
382,Male,Asian,55+,65454.91476330752,693.3717359238929,0,Urban,1
383,Female,White,35-44,56607.630327403785,624.4799626457477,5,Urban,1
384,Female,Hispanic,25-34,53244.58604352517,563.0514464154069,3,Urban,0
385,Female,White,35-44,48239.7986774724,681.469802658531,18,Rural,1
386,Male,Hispanic,25-34,64944.397063519296,723.8700315534404,4,Urban,0
387,Male,White,35-44,77442.10902546752,651.3856114407386,5,Suburban,0
388,Female,Asian,45-54,52765.81505591049,653.193619097128,4,Urban,0
389,Female,White,45-54,72866.25810103529,692.3670270251082,0,Suburban,1
390,Female,White,25-34,44369.656934287465,635.3966737088984,2,Urban,0
391,Male,White,25-34,74151.80325340257,799.6573372499231,7,Rural,1
392,Male,White,35-44,56581.022270421425,751.1844022570074,8,Rural,1
393,Female,White,18-24,52404.93338593552,666.3457055433627,3,Urban,1
394,Male,White,55+,76642.94765370569,836.4541047613457,2,Rural,1
395,Female,Hispanic,25-34,50718.80935718875,674.2908026819308,9,Rural,1
396,Female,White,25-34,62095.34230262794,657.5140836946729,10,Rural,0
397,Male,White,18-24,91315.71737654756,772.4130079241581,2,Rural,1
398,Female,Black,35-44,44082.93975854874,569.6944641816217,2,Urban,0
399,Female,Hispanic,35-44,46190.035940666094,673.5037164185494,17,Suburban,0
400,Male,White,25-34,82595.14887486107,718.0072172619342,16,Urban,1
401,Female,White,18-24,41124.68096991874,661.3038050402528,3,Urban,0
402,Male,White,35-44,63787.56259905608,760.2580618385969,6,Rural,0
403,Female,Hispanic,25-34,34265.50239897781,573.2116291945745,1,Urban,0
404,Male,Hispanic,45-54,44782.013600380524,639.7179776653039,1,Suburban,1
405,Female,White,35-44,46790.74693936699,590.6065960731255,4,Rural,1
406,Male,Hispanic,25-34,76593.81043300522,725.2488884837588,4,Rural,1
407,Male,Hispanic,25-34,67622.14732236855,637.1253326000354,0,Rural,0
408,Female,White,55+,75091.3101340455,755.3716217656112,1,Urban,0
409,Male,Hispanic,35-44,63609.496802128015,723.8642794746295,1,Urban,1
410,Male,White,45-54,87066.08154863915,660.7076887191569,3,Urban,0
411,Female,White,18-24,56177.72761433848,672.1529304305882,1,Urban,1
412,Female,White,35-44,55764.01418271823,637.4831439732108,6,Urban,0
413,Male,White,18-24,69147.3319911046,657.129619383556,2,Urban,1
414,Male,White,35-44,68699.75020466106,755.2975253301533,0,Suburban,1
415,Male,Asian,55+,53628.2122419744,608.9867323760704,3,Suburban,0
416,Male,White,25-34,79947.05653775032,749.1188081079325,9,Urban,1
417,Male,White,18-24,88946.25388211176,686.6855357660762,1,Suburban,1
418,Male,White,18-24,76544.93665595251,709.7173071620438,0,Urban,1
419,Female,Asian,25-34,32788.24174710276,586.9811659180357,5,Urban,0
420,Female,White,25-34,52374.807608534014,754.189952212158,8,Suburban,0
421,Female,White,18-24,55343.04759881164,615.9397728469099,6,Suburban,0
422,Male,White,45-54,81813.62326575305,674.1290091987601,4,Suburban,1
423,Male,White,35-44,79221.08593489906,807.0651777622337,1,Urban,1
424,Male,Asian,25-34,44365.96847520546,628.4984438630787,4,Rural,0
425,Male,Asian,55+,66702.02049493365,714.4682106011464,4,Suburban,1
426,Male,White,18-24,68461.01611674424,719.8266851093161,1,Suburban,1
427,Female,Asian,55+,30340.71005853022,626.1976764317345,1,Suburban,1
428,Male,Black,25-34,39637.794971440635,612.0124683840228,1,Rural,0
429,Male,Hispanic,55+,54003.527059507374,648.603794551314,13,Suburban,0
430,Male,White,35-44,79042.12865277332,764.8357658873213,0,Suburban,1
431,Female,White,45-54,66494.30466203063,745.5832526479751,7,Rural,1
432,Male,White,55+,78074.03569719689,686.8434231754588,8,Suburban,1
433,Male,Hispanic,25-34,83589.7769444342,732.6987262827686,3,Urban,1
434,Male,White,55+,69743.69066014615,721.364041327153,5,Suburban,1
435,Female,White,25-34,58750.20269685785,668.5022316916509,1,Urban,1
436,Male,White,25-34,64078.78799651433,720.8457053911288,5,Urban,0
437,Female,Hispanic,25-34,44996.13909879566,666.9212275770825,0,Suburban,0
438,Female,White,35-44,36283.406391411074,788.3868890378051,0,Rural,0
439,Male,Hispanic,25-34,73887.73117011151,691.9477183576814,8,Rural,1
440,Male,Asian,35-44,58331.51283048436,668.2273461975882,0,Urban,1
441,Female,White,35-44,55937.57551130472,675.0960316551913,2,Suburban,1
442,Male,Hispanic,45-54,66458.36470215383,695.7233365279708,9,Urban,1
443,Male,White,45-54,68766.49319709738,735.6856945376544,6,Rural,1
444,Female,Hispanic,35-44,58396.63864431189,590.5207616522151,2,Rural,0
445,Female,White,25-34,63208.76511184577,704.9807166307121,0,Suburban,0
446,Female,Hispanic,25-34,60800.56059139311,707.9399862983969,9,Rural,0
447,Female,Hispanic,25-34,63303.816856580605,729.356903774254,0,Suburban,1
448,Male,Asian,18-24,63748.25571616836,706.0923609104141,0,Suburban,0
449,Male,Hispanic,25-34,75817.21694395095,652.9978938770772,6,Urban,0
450,Female,White,25-34,53316.54805153198,700.2627644839132,2,Urban,0
451,Male,Black,55+,67766.46028394147,634.9597461359622,5,Suburban,1
452,Male,Hispanic,35-44,67620.66809086726,570.142582203149,0,Suburban,1
453,Female,White,25-34,59318.608862126435,720.8236675356196,3,Urban,1
454,Male,White,35-44,88697.01107654185,684.3942819706375,5,Rural,1
455,Male,Asian,18-24,55087.09618359679,701.1170083191876,1,Urban,1
456,Male,Hispanic,35-44,68503.70216386339,626.2875003047099,0,Suburban,1
457,Male,Hispanic,35-44,75013.66456290863,688.2428913643641,11,Suburban,1
458,Male,White,35-44,57188.415855343665,595.6650148991207,0,Suburban,0
459,Male,Hispanic,35-44,74957.81228377529,701.4231228733039,1,Suburban,1
460,Male,White,55+,86734.42276632445,723.1071866982339,10,Urban,1
461,Male,Hispanic,55+,68108.58190794812,589.1748218127987,1,Urban,0
462,Female,White,35-44,65518.85971822154,749.530370139103,0,Suburban,1
463,Male,Hispanic,35-44,62874.986353088345,721.8224063149217,2,Suburban,0
464,Female,Asian,35-44,41217.367471765334,646.2117151922259,7,Urban,0
465,Male,White,25-34,62262.82599274551,729.0138907828507,1,Suburban,1
466,Male,Asian,25-34,76496.72018878747,691.3255671153026,0,Urban,1
467,Female,White,18-24,60957.35833866563,681.2911138571689,8,Suburban,1
468,Male,Hispanic,35-44,53428.83381286729,586.772416073977,4,Rural,0
469,Female,Hispanic,35-44,57470.72843846552,727.4002786697707,4,Urban,1
470,Male,White,25-34,83431.0533232324,791.5729821999817,1,Urban,1
471,Female,Hispanic,55+,41307.47644784083,624.1592181400081,0,Suburban,0
472,Male,Hispanic,55+,73500.79332417554,694.3848309361456,16,Suburban,1
473,Female,White,45-54,48535.996932822156,721.8246628573634,0,Suburban,1
474,Male,White,35-44,78231.85482458206,792.4226978172602,4,Rural,1
475,Female,Hispanic,55+,57071.86185050095,706.0311336299876,8,Rural,0
476,Male,Hispanic,18-24,60388.30267965381,698.2165364253109,5,Rural,1
477,Male,Hispanic,45-54,66994.85299442914,662.947442682237,0,Suburban,1
478,Female,Hispanic,18-24,38054.770602339646,652.3449349420763,6,Urban,0
479,Male,White,45-54,69661.45070607966,686.9674550234747,3,Urban,0
480,Male,Hispanic,25-34,69206.99631018478,640.3109574685492,3,Urban,1
481,Male,White,55+,62634.79663653328,746.4102965205226,0,Suburban,0
482,Male,White,55+,83567.02480242556,817.4358791927,7,Urban,1
483,Male,White,18-24,69922.66696770243,626.9520006703895,2,Rural,1
484,Male,White,35-44,65412.215438132254,647.7867809660962,4,Suburban,1
485,Female,White,55+,63142.82755073036,703.7709787851873,1,Suburban,1
486,Male,White,35-44,81904.72686121512,745.1855765198418,0,Urban,1
487,Male,Hispanic,55+,64507.95083826631,688.9621447458035,14,Urban,1
488,Female,White,35-44,48130.06611694255,751.0207751579824,1,Urban,0
489,Female,White,25-34,54266.601607840545,690.4421138285029,0,Urban,0
490,Male,White,25-34,73220.82124195602,677.5802752771305,7,Urban,1
491,Male,White,25-34,63564.405402345,740.6466897948745,0,Suburban,1
492,Male,White,45-54,70122.94627051255,773.8395965090248,5,Rural,1
493,Male,White,25-34,94728.1075471809,765.4869376633345,5,Rural,1
494,Male,Black,35-44,46121.314495441984,654.3143320771131,0,Suburban,0
495,Male,Hispanic,35-44,74726.17642707741,669.1993965766934,4,Urban,1
496,Male,Black,35-44,65008.31591004212,591.0846258429391,5,Rural,1
497,Male,White,55+,64091.034100272314,753.8060906991226,8,Rural,0
498,Female,White,55+,62166.831189642864,696.9993278157862,12,Urban,1
499,Female,Hispanic,35-44,65235.25312229039,596.9128717775873,2,Suburban,0
500,Male,White,45-54,56789.13930705504,676.9057551443123,7,Urban,0
501,Male,White,45-54,76321.86469514886,720.5860084889199,6,Rural,1
502,Male,White,35-44,73995.24279428295,721.1257076442058,1,Rural,1
503,Female,White,55+,62328.71307740251,748.3673173193134,6,Urban,0
504,Male,White,25-34,83728.24351005635,685.4204073415356,0,Rural,1
505,Male,White,18-24,89498.5351977335,668.1924167596748,0,Suburban,1
506,Female,White,55+,54623.542422201834,737.3937339147136,5,Rural,0
507,Female,White,35-44,76289.38225643575,645.8946419349822,0,Urban,1
508,Female,Black,45-54,52918.593103880674,594.386571593875,36,Rural,0
509,Female,Hispanic,55+,43136.63153065175,600.9665541077998,5,Urban,0
510,Male,Hispanic,18-24,79521.1769918256,680.2286402401136,0,Urban,1
511,Male,Hispanic,55+,59933.971917241855,617.4674976257714,0,Urban,1
512,Female,Asian,35-44,58089.192693927194,628.8664281014053,2,Rural,0
513,Female,White,35-44,57458.96545964446,674.3136318456512,19,Rural,0
514,Male,White,35-44,63230.37887230032,804.2575742693911,0,Rural,1
515,Male,White,55+,71613.15675901403,713.0059430735904,0,Rural,1
516,Male,Black,18-24,62094.70083647773,582.8679983123793,13,Urban,0
517,Female,Hispanic,35-44,62279.37347385331,661.6963556794125,2,Urban,1
518,Female,White,45-54,70215.15392781864,766.160896660735,0,Urban,1
519,Male,Asian,45-54,78640.81937465018,609.7006541453889,0,Urban,1
520,Male,White,45-54,80457.86713532355,621.8792968973012,27,Urban,1
521,Male,Asian,18-24,78453.8124762772,673.0335728325381,2,Urban,1
522,Female,White,25-34,64217.80074250871,779.7273961465536,10,Urban,0
523,Female,White,25-34,77298.85398683444,653.448110846113,4,Urban,1
524,Female,White,45-54,49078.58406571267,686.3947801885936,0,Urban,0
525,Male,White,25-34,67667.34906513646,684.1771811613434,6,Urban,1
526,Male,White,25-34,75678.38513916938,624.6820185313625,0,Rural,1
527,Male,White,55+,72343.78178219462,774.1695609574164,7,Suburban,1
528,Male,Hispanic,18-24,65558.63939844497,650.0761536990419,3,Rural,1
529,Female,White,55+,57604.07675346291,708.0422509977312,2,Urban,0
530,Female,White,45-54,55463.636124083176,791.7749634058648,6,Urban,1
531,Female,Black,45-54,51716.981838212596,593.0828998302477,4,Suburban,0
532,Female,Hispanic,25-34,43328.10915222495,606.6796641960369,4,Urban,0
533,Male,White,18-24,71929.41681091288,781.9673648877583,1,Urban,1
534,Female,White,45-54,63863.82653848061,755.75203761581,2,Urban,0
535,Female,White,45-54,45530.67930197142,692.5707505815412,4,Urban,1
536,Female,White,45-54,39826.612018775886,548.2103157695689,4,Urban,0
537,Male,Hispanic,18-24,82485.75914058535,662.9491634201759,4,Urban,1
538,Male,White,45-54,61072.645278330034,709.3451140806318,3,Suburban,1
539,Male,White,45-54,77819.18788126312,719.182346622913,2,Urban,1
540,Female,Hispanic,45-54,50455.63881141898,681.6259957254148,4,Urban,1
541,Male,White,45-54,64250.35372274182,720.4776938239345,2,Rural,1
542,Male,White,45-54,77460.83615316408,687.346834796187,2,Urban,1
543,Male,White,35-44,68086.15384821779,752.4643714479247,0,Urban,1
544,Male,Asian,18-24,72184.17423471641,664.2968250731423,6,Rural,1
545,Male,White,35-44,80586.26532754514,599.475307600498,0,Urban,1
546,Male,Hispanic,18-24,71523.0615161023,589.9563059952486,0,Urban,0
547,Male,White,35-44,62419.75304771215,748.9998081556341,6,Urban,1
548,Male,White,35-44,81927.6903184886,787.2193436332243,4,Urban,1
549,Female,Black,18-24,33259.25868391025,563.8256621263422,22,Suburban,0
550,Male,Asian,25-34,79710.34690817104,644.7355858997888,5,Rural,0
551,Female,Black,18-24,38256.57046428075,571.0622671980016,1,Urban,0
552,Male,Hispanic,45-54,50563.95737830235,626.4184654052765,0,Suburban,0
553,Male,Hispanic,55+,52285.88817825924,589.9212559267515,0,Suburban,0
554,Female,White,18-24,69513.06244299484,745.8579586262846,0,Urban,1
555,Male,White,55+,79334.72831642372,703.9066156526396,4,Suburban,0
556,Male,Black,35-44,61263.141994832,607.8065992843116,1,Urban,1
557,Male,White,25-34,87853.8527901427,706.5748209057407,8,Urban,1
558,Female,Hispanic,18-24,55773.63525106662,649.3406629334638,2,Urban,0
559,Male,Asian,35-44,64076.94606199226,741.892315486006,11,Urban,1
560,Female,White,45-54,53916.492353206624,733.5430077190947,8,Urban,0
561,Male,White,45-54,70367.60863077464,758.8298906087733,15,Rural,0
562,Male,Hispanic,18-24,88883.71992870438,748.0965521885131,5,Urban,1
563,Male,White,18-24,75376.26323845019,711.701214148452,13,Urban,1
564,Male,Hispanic,35-44,75071.5720059667,700.9713108255393,0,Urban,1
565,Male,White,25-34,54669.99264329953,810.2874781175873,3,Suburban,1
566,Male,Hispanic,25-34,67106.00839297642,642.6822043874583,3,Suburban,1
567,Male,White,25-34,74118.76158993306,803.5441263076144,0,Suburban,1
568,Female,Black,45-54,34538.789149374956,628.2091599349982,10,Suburban,0
569,Male,White,55+,64159.29515095771,732.0454336245698,16,Rural,1
570,Male,White,35-44,67091.18208305434,718.7915868944617,4,Urban,1
571,Female,White,55+,67683.33992290315,686.4634259102243,8,Suburban,1
572,Male,Hispanic,25-34,65016.19031356941,685.7548348530089,3,Rural,0
573,Male,Hispanic,35-44,59459.262727660105,678.5657879474918,3,Rural,0
574,Female,White,25-34,51317.390384016675,706.208055038682,2,Rural,1
575,Female,White,35-44,65846.83281917922,697.3355532258615,0,Urban,1
576,Male,White,55+,69652.43329155676,734.4010060769979,4,Urban,1
577,Female,Black,35-44,56842.534160314666,597.3436496226841,1,Urban,0
578,Male,Black,25-34,47300.01402606124,650.7420205533722,6,Suburban,1
579,Male,White,35-44,77611.7680697451,778.7718167371445,0,Urban,1
580,Male,White,18-24,63169.43815265611,700.5312753978468,6,Urban,1
581,Female,White,55+,55957.54400802771,719.2306769828141,3,Rural,0
582,Male,White,35-44,81455.87712174194,732.4249390066433,3,Urban,1
583,Male,White,35-44,85785.33546062947,719.3984779472295,3,Rural,1
584,Male,Asian,35-44,54047.294811571956,495.212104151772,9,Urban,0
585,Male,White,35-44,71608.69729072101,779.9479469508814,2,Urban,1
586,Male,Hispanic,18-24,92552.17743719902,677.2716467295088,1,Urban,1
587,Male,White,45-54,74331.09058405274,797.0639145255138,2,Suburban,1
588,Male,White,25-34,72343.95439713895,702.3500424637205,14,Urban,0
589,Male,Hispanic,45-54,56154.9692693998,630.1252603853771,3,Urban,1
590,Male,Hispanic,45-54,69861.8479156194,572.3932601494982,4,Rural,0
591,Male,Asian,45-54,57491.00529038915,555.2941705577593,16,Urban,0
592,Male,White,35-44,61045.51495244928,675.6499679187455,1,Suburban,0
593,Male,White,35-44,90825.54969312533,727.9479711358601,1,Suburban,1
594,Female,Hispanic,18-24,64273.05364289216,643.3013160099646,2,Urban,0
595,Male,White,45-54,61111.22990366986,726.1140711792343,6,Suburban,1
596,Male,White,25-34,78073.4561670797,715.6858352550943,2,Urban,1
597,Male,White,35-44,65602.97401747848,773.4806336012441,11,Suburban,0
598,Male,White,25-34,73416.94521990337,714.2242505619429,3,Urban,1
599,Male,Hispanic,18-24,71802.15455902823,661.8596673831457,3,Suburban,1
600,Male,White,35-44,84235.08616047369,681.7039200690836,5,Urban,1
601,Male,White,18-24,71216.48117400234,728.4823839402892,0,Suburban,1
602,Male,White,45-54,80878.55888137735,761.8654981165207,3,Urban,1
603,Male,White,25-34,66895.11417626683,693.6621415660397,1,Urban,1
604,Male,White,18-24,88508.52330699006,705.8245662751191,3,Urban,1
605,Male,White,35-44,73015.15541484939,678.9203243376926,13,Urban,1
606,Male,White,18-24,86663.70545669252,763.212488554897,3,Rural,1
607,Male,Hispanic,25-34,56876.38105712478,642.5278992315067,10,Urban,0
608,Male,White,45-54,69381.579006483,743.3496266779541,3,Rural,1
609,Male,White,18-24,98380.1140420633,736.5816182897582,14,Rural,1
610,Male,Hispanic,45-54,76815.67716419147,793.9983798048227,0,Suburban,1
611,Female,Hispanic,18-24,43228.09762346705,664.0056346971786,9,Urban,0
612,Male,White,25-34,70242.04555995099,678.9364459742238,1,Urban,1
613,Male,White,45-54,61348.59323143198,675.8220892651216,3,Suburban,0
614,Female,White,25-34,61909.165241437106,710.09263483932,0,Urban,0
615,Female,Hispanic,18-24,44657.597280370734,652.2031454616242,9,Urban,1
616,Male,Asian,25-34,95768.60370180503,763.7743987108206,4,Suburban,1
617,Male,Hispanic,25-34,60468.92410624912,635.7993866207546,1,Rural,1
618,Female,White,45-54,46599.27928876065,718.2101138267233,0,Suburban,1
619,Female,Hispanic,25-34,55841.314848188114,686.5346321552271,1,Urban,0
620,Male,White,45-54,84937.8221453044,803.6335414058768,7,Suburban,1
621,Male,White,55+,76715.09548194843,746.2621253959944,0,Urban,1
622,Male,White,35-44,81324.54216642301,707.6156334112248,1,Urban,1
623,Male,Asian,55+,67010.14980708653,645.874426822451,2,Rural,1
624,Male,White,25-34,77274.95875732054,759.0733462929074,0,Urban,1
625,Male,Hispanic,55+,54869.70488377162,570.5085173869866,0,Urban,1
626,Male,White,18-24,64357.799931826514,713.8655594993074,2,Urban,1
627,Female,White,45-54,72089.3213970257,689.0146842006188,8,Rural,0
628,Male,White,35-44,71081.23234613134,670.1930168922836,2,Suburban,1
629,Male,White,25-34,78809.52835693413,706.5621468338256,6,Suburban,1
630,Female,Hispanic,35-44,45034.682645180306,587.3600613459411,0,Suburban,0
631,Female,White,45-54,51038.69532027487,716.210554632766,21,Urban,0
632,Male,Hispanic,18-24,59817.47361138798,726.0812781332398,4,Urban,1
633,Male,Hispanic,25-34,66126.57688750645,708.955998981824,0,Urban,1
634,Male,Asian,45-54,75626.57290787526,656.8448896195985,5,Urban,1
635,Male,White,45-54,83905.22177645468,752.2006886721961,11,Urban,1
636,Male,White,55+,91637.32832143473,756.8994846480024,7,Rural,1
637,Male,White,45-54,63619.41681344733,731.8434032057719,7,Urban,1
638,Male,Asian,55+,60514.57163472139,672.4423193234084,3,Urban,1
639,Male,Asian,45-54,59978.83820135955,609.6163452785614,0,Urban,1
640,Male,White,25-34,85965.47118230254,626.4027786240384,4,Urban,1
641,Male,Hispanic,18-24,74695.48066889097,698.2631052102773,1,Rural,1
642,Male,White,45-54,75031.47726906327,786.5309956909974,19,Urban,1
643,Male,Black,35-44,57094.01522656867,597.3882337021695,5,Urban,0
644,Male,White,18-24,80872.62413464177,720.5912314524794,0,Suburban,1
645,Female,Hispanic,25-34,72055.29568265413,732.0221347290667,5,Urban,1
646,Male,White,55+,67602.28836027032,650.8717580147587,9,Urban,1
647,Male,Hispanic,35-44,69889.27239639028,647.0741207702594,4,Urban,0
648,Female,Hispanic,35-44,57899.19722180852,706.3776485094539,1,Suburban,0
649,Male,Hispanic,35-44,75587.80673490248,685.4943892916963,2,Rural,1
650,Male,White,25-34,74484.77071475354,749.6392891459408,0,Suburban,1
651,Male,White,25-34,80230.39632963558,723.8290529304737,1,Urban,1
652,Male,White,25-34,68443.12280538556,706.6575605625521,6,Rural,1
653,Female,White,18-24,70338.05376008624,685.9012678625598,2,Urban,1
654,Male,White,45-54,90287.47850540909,736.235180269322,2,Urban,1
655,Male,Asian,35-44,44277.073138275606,596.6810661268147,2,Urban,1
656,Male,White,45-54,88784.69627461505,744.5759256359623,2,Urban,1
657,Male,White,55+,95430.2580184899,759.9425863018415,1,Suburban,1
658,Male,White,25-34,77867.74112382586,720.5074771895461,6,Suburban,1
659,Male,White,45-54,93579.2876005825,792.1195302274426,0,Rural,1
660,Male,Black,35-44,61925.96918731305,751.5314509510126,3,Suburban,1
661,Female,White,55+,53312.48286422455,692.0813366846506,1,Suburban,1
662,Male,Asian,25-34,63851.977512409365,692.1905638216183,3,Urban,0
663,Male,White,45-54,78126.50991207323,817.249220739939,3,Urban,1
664,Male,Asian,35-44,73080.36189402071,630.6770819924952,0,Suburban,1
665,Male,Hispanic,25-34,63276.69843275434,595.2739657118742,1,Urban,1
666,Male,White,18-24,82328.29081821744,668.6166848643776,5,Rural,1
667,Male,Asian,45-54,61886.52112887302,723.2766928014404,0,Urban,1
668,Male,White,45-54,90983.21807641033,777.6606087517036,0,Urban,1
669,Male,Hispanic,25-34,59445.55207134999,660.5388391804611,4,Urban,1
670,Male,White,35-44,53952.50494280986,806.0614004695464,14,Urban,1
671,Female,Hispanic,25-34,45258.18942921851,654.7183546029303,3,Urban,0
672,Male,Hispanic,45-54,63140.7551905123,583.1710170807968,3,Suburban,1
673,Male,Hispanic,25-34,46738.14150583289,699.1057286284855,0,Urban,1
674,Male,Hispanic,55+,77880.75724852378,678.6062072116565,5,Suburban,1
675,Female,White,25-34,65084.855561473734,705.6493491368444,12,Urban,1
676,Male,White,25-34,82310.00626785481,759.2317541286774,17,Urban,1
677,Male,White,18-24,77324.86618419367,772.3996928413303,3,Urban,1
678,Female,White,18-24,81850.94895036113,697.5151818001964,4,Rural,1
679,Female,Hispanic,35-44,41262.0537875881,689.3960655319031,4,Urban,0
680,Female,White,25-34,58296.14234611804,667.6549628292897,6,Suburban,0
681,Male,Asian,45-54,64853.135856081266,574.7779860306774,1,Urban,1
682,Male,Black,18-24,71218.61504794253,631.8846669322703,5,Suburban,1
683,Male,Hispanic,25-34,62783.651134291955,677.0779994971316,10,Urban,0
684,Female,White,25-34,47834.19195864291,641.7576845873915,3,Suburban,0
685,Male,Hispanic,18-24,74399.8081809282,654.9226684517705,2,Suburban,1
686,Male,Asian,18-24,61647.55918131973,594.5943235162413,2,Rural,1
687,Male,White,35-44,76429.49610115388,737.7650804181822,3,Urban,1
688,Female,Black,35-44,44794.39442649493,629.2535780824312,0,Urban,0
689,Male,Hispanic,35-44,60627.92553052115,579.3388456267619,0,Urban,0
690,Male,White,35-44,81095.26045208602,653.3265737600238,6,Rural,1
691,Male,White,35-44,90436.97760992414,744.706408116672,4,Suburban,1
692,Male,White,18-24,65064.104844059635,721.8603332049771,0,Suburban,0
693,Male,White,35-44,57665.30501963812,718.7399703762798,0,Urban,1
694,Male,White,55+,84562.95002091346,850.0,17,Urban,1
695,Male,White,35-44,67645.51079607957,716.3152555442305,4,Urban,1
696,Male,White,45-54,56792.39722197984,671.5037230672116,11,Rural,0
697,Male,White,25-34,79520.64010151615,669.0599135773572,2,Suburban,1
698,Male,Asian,45-54,63848.90306076761,646.552936608409,1,Rural,1
699,Male,White,45-54,78131.11768573892,734.6227135001405,1,Urban,1
700,Male,Asian,35-44,57331.35961995448,660.7349730823855,13,Suburban,0
701,Male,White,55+,82061.28549109327,791.5985912923556,8,Suburban,1
702,Male,White,18-24,77483.25142515881,731.3891381869597,6,Urban,1
703,Male,White,18-24,75324.99862887862,765.6046903786373,0,Rural,1
704,Male,White,45-54,64263.11341082247,718.3172405558637,4,Rural,1
705,Female,White,45-54,83391.2895156891,716.6868815769224,0,Rural,1
706,Male,Black,18-24,59601.056162482884,559.3890778494035,15,Suburban,0
707,Female,White,25-34,47663.86575964094,602.7377142564123,6,Urban,0
708,Male,Black,18-24,44175.7202597636,655.0175708313127,2,Urban,0
709,Male,Hispanic,25-34,61748.37267578375,614.8925204138471,0,Rural,0
710,Female,White,45-54,66891.64457074336,682.709930456424,1,Urban,0
711,Male,White,35-44,74495.36952597162,683.0199915818707,0,Suburban,0
712,Male,Hispanic,25-34,66495.97957518788,671.387338310584,9,Suburban,1
713,Male,White,25-34,71629.42513955374,728.5252511854568,7,Suburban,1
714,Male,White,18-24,78926.34115650968,751.6056173319706,3,Rural,1
715,Female,Asian,25-34,55826.808130151854,633.2928573052652,6,Urban,0
716,Female,White,35-44,53076.49225766206,670.1245285132297,7,Urban,1
717,Female,Hispanic,55+,45751.009107971935,698.6521285137626,9,Urban,0
718,Male,Asian,45-54,74079.62313627049,680.2536135945002,13,Urban,1
719,Female,White,18-24,67980.59873352342,659.1470072800203,10,Urban,0
720,Female,White,55+,82758.25427647638,690.1470221266102,1,Urban,1
721,Male,White,45-54,74607.63526301256,636.8681981568932,0,Rural,1
722,Male,White,45-54,76373.52479407036,850.0,0,Rural,1
723,Female,White,35-44,40691.470607469935,656.9769559782258,3,Urban,1
724,Male,Hispanic,25-34,64080.43217395734,664.8816962887154,7,Urban,0
725,Female,White,25-34,51185.75093832647,771.3940479433463,0,Rural,1
726,Male,White,18-24,67338.79169389329,660.9356639535087,1,Urban,1
727,Female,Asian,25-34,38511.48590070712,651.3154798340082,2,Urban,0
728,Male,Hispanic,25-34,70496.8318629026,760.568336826227,2,Urban,1
729,Male,Black,35-44,75538.0050108768,545.7839816901401,0,Suburban,0
730,Male,White,45-54,77186.59306757298,704.8705673058557,12,Urban,1
731,Female,Black,35-44,37125.246951122455,537.4074636176608,4,Rural,0
732,Male,White,18-24,71310.60560968537,732.0010453067385,5,Urban,1
733,Male,White,55+,66980.90795550043,594.2322308918032,0,Suburban,0
734,Male,White,55+,80560.2209684229,700.9959815283281,3,Urban,1
735,Female,Hispanic,45-54,41097.45579951347,564.9767210861764,9,Urban,0
736,Male,White,55+,66535.65698541021,762.8192674605464,0,Suburban,1
737,Female,White,35-44,62639.031172187584,704.8615577407213,4,Suburban,1
738,Male,White,55+,98817.13531732546,790.1789407001966,2,Suburban,1
739,Male,White,18-24,76052.59701023334,795.4626439529413,0,Suburban,1
740,Male,Hispanic,25-34,66071.69915259596,612.1460620843661,13,Rural,1
741,Male,Hispanic,25-34,72600.22942441034,652.8924408651704,7,Rural,0
742,Female,Hispanic,25-34,52909.64730137443,627.5592143378716,1,Suburban,0
743,Male,White,18-24,75307.47583087499,608.8353932747461,6,Urban,1
744,Male,White,35-44,72751.46944205149,676.3118653694286,3,Urban,1
745,Female,White,45-54,73207.50127826161,731.6762538418421,0,Urban,0
746,Male,White,35-44,81002.12965744278,778.8987324182269,4,Suburban,1
747,Male,White,18-24,67649.27016372643,800.99990543158,0,Urban,1
748,Female,Hispanic,45-54,53078.32372513885,756.4896258004301,5,Urban,1
749,Male,White,35-44,81764.7866877304,718.2971814513925,4,Rural,1
750,Male,White,25-34,73980.05283364069,681.8584213273243,7,Rural,0
751,Female,White,45-54,59732.48754425862,782.5489111432379,11,Rural,0
752,Male,White,25-34,69001.77976680151,641.0624300156094,11,Urban,1
753,Male,White,25-34,78098.37593199922,761.153514816058,9,Suburban,1
754,Male,Asian,55+,55342.173671360404,628.4134900065293,1,Urban,0
755,Female,Hispanic,25-34,34729.58939179543,609.5564721967426,1,Urban,0
756,Male,Asian,35-44,60875.20988112063,623.9403349646425,4,Urban,0
757,Male,White,55+,55253.29105412892,667.7993302215648,6,Urban,0
758,Female,White,45-54,62724.213966536096,733.5974684576008,2,Urban,1
759,Female,White,18-24,53415.90064881659,726.5385999551729,0,Rural,0
760,Male,White,18-24,85921.06783982426,708.5258026294774,1,Urban,1
761,Male,Hispanic,18-24,68610.25145142755,717.0153846402546,1,Suburban,1
762,Male,White,35-44,87907.58424122428,850.0,5,Suburban,1
763,Female,White,35-44,65146.715543882296,696.3048315690543,1,Urban,1
764,Male,White,18-24,60295.104487687495,647.1566157027593,3,Urban,1
765,Male,White,55+,81772.08521350184,677.7945646315303,8,Urban,1
766,Female,Hispanic,35-44,66187.87639660868,686.9792078693758,5,Suburban,1
767,Female,White,25-34,71208.48443647809,694.9943472909841,1,Urban,1
768,Male,White,35-44,90737.34216555106,763.571742702071,2,Urban,1
769,Female,White,45-54,56149.63197573779,612.7495376422006,8,Urban,0
770,Male,White,18-24,75795.73534942165,763.7369561576021,5,Suburban,1
771,Female,Hispanic,25-34,57644.782203057905,608.6213054569631,8,Rural,1
772,Male,Hispanic,45-54,62426.9999938221,716.5326156434791,0,Urban,1
773,Male,Asian,35-44,49995.322872169825,632.6598462283697,1,Suburban,0
774,Female,Hispanic,35-44,47275.89983396313,708.9621137507727,4,Suburban,0
775,Male,White,35-44,72398.24650204406,689.5767483213377,0,Rural,1
776,Male,Hispanic,18-24,49899.587880147476,638.8726764223206,13,Rural,0
777,Female,White,25-34,50155.44503535904,677.5919184888825,4,Suburban,0
778,Female,White,35-44,70841.98244043543,731.3571344515352,3,Suburban,0
779,Male,Hispanic,25-34,48904.79016919021,614.0393326342388,4,Rural,0
780,Male,White,18-24,69612.39162653904,706.8650431063596,0,Urban,1
781,Male,Asian,45-54,77254.70545314469,668.0842060885425,4,Urban,1
782,Male,White,55+,67282.59185403217,692.3844995131401,0,Urban,1
783,Male,Black,45-54,69118.31778513371,605.6745160629831,11,Rural,0
784,Male,Hispanic,55+,61528.135048877375,700.0682460482759,0,Rural,1
785,Female,Hispanic,25-34,53365.3838187098,699.112053312795,0,Urban,0
786,Male,Black,55+,42980.97769981665,584.9140778777064,6,Suburban,0
787,Male,Black,25-34,62608.23167677533,631.3665982915876,0,Urban,0
788,Male,White,55+,72251.97695247312,612.1898032799272,3,Urban,0
789,Female,White,55+,71364.70508367037,675.7393163639687,10,Rural,1
790,Male,White,45-54,76675.7010580099,784.7886809332932,8,Urban,1
791,Male,Hispanic,55+,56708.90819365955,576.4711587981111,1,Urban,0
792,Male,White,35-44,56929.58605068184,693.1873210171922,16,Suburban,0
793,Male,Hispanic,25-34,58715.142936892444,644.0836119203822,3,Suburban,1
794,Male,White,35-44,73097.59155586784,648.2252581255805,2,Urban,0
795,Female,White,35-44,66426.56731854875,756.639380965921,2,Suburban,1
796,Female,Hispanic,18-24,37577.53466450771,581.2981789629092,7,Suburban,0
797,Male,White,35-44,73885.09212874887,795.9753585795443,0,Urban,1
798,Male,White,55+,79316.31629637597,766.3000897022677,3,Urban,1
799,Female,White,25-34,64462.0183628948,715.4160997518832,16,Suburban,0
800,Female,Asian,45-54,56087.355891244166,628.2308272626326,1,Urban,0
801,Male,Hispanic,55+,71596.99769930798,617.9380722255345,2,Rural,1
802,Male,White,55+,83422.97327013903,734.5827721980078,11,Rural,1
803,Male,White,55+,71000.1797217109,669.4930664605695,4,Rural,1
804,Male,White,35-44,61692.94868669074,602.7945620769564,4,Urban,0
805,Female,Hispanic,55+,60921.029610193335,587.0978475291033,1,Rural,0
806,Female,Hispanic,45-54,52396.27518238998,689.0489892556899,0,Urban,0
807,Female,White,25-34,60622.59856329332,669.999339379191,1,Urban,1
808,Male,White,35-44,63122.34760082473,693.2561849732566,4,Urban,1
809,Male,White,45-54,75039.74956517182,754.6636487712077,0,Urban,1
810,Female,Hispanic,25-34,34684.64684756357,692.1980166424784,9,Suburban,0
811,Female,Hispanic,35-44,36658.39240995009,622.4720171872863,1,Urban,1
812,Male,White,45-54,67358.13213362153,761.1668287182753,7,Urban,1
813,Female,White,25-34,53657.86806314473,651.3539172704822,3,Suburban,0
814,Female,White,35-44,54296.85932213534,645.341448603993,0,Urban,1
815,Male,Asian,45-54,34288.49012100972,673.1871082943419,11,Suburban,1
816,Male,White,35-44,73224.04005241262,756.0186469417918,3,Urban,1
817,Male,Hispanic,18-24,50433.18558675918,629.3534824588791,1,Rural,0
818,Male,Black,18-24,61070.57452992297,613.8132304730216,1,Rural,1
819,Male,White,25-34,79185.72885991154,747.1625260358051,3,Urban,1
820,Female,White,55+,63418.252139549666,710.4163750551214,1,Urban,0
821,Male,White,25-34,68023.83549390944,670.3211127886801,0,Urban,1
822,Male,Black,35-44,67556.65838744315,626.4622448228297,4,Rural,1
823,Male,Hispanic,25-34,71803.83738423671,664.9082747986627,0,Urban,1
824,Male,Black,25-34,63199.65191145163,562.8524818857932,4,Urban,0
825,Female,White,45-54,58984.417963274485,684.8708074531987,5,Urban,0
826,Male,White,45-54,84760.40719355947,804.7347285421766,1,Urban,1
827,Male,Asian,18-24,63456.26465276071,620.4106881230929,0,Urban,0
828,Female,Hispanic,35-44,49634.10025657069,682.6166001606892,1,Rural,0
829,Male,White,18-24,74877.72414780075,804.2441068533117,1,Urban,1
830,Male,Asian,35-44,67935.3752996864,680.4062596839384,5,Urban,1
831,Male,Black,45-54,60859.57388017215,601.501865928612,7,Rural,0
832,Male,White,18-24,71266.31574996916,696.2564248951694,10,Rural,1
833,Male,Hispanic,25-34,38808.47794946661,574.282341584902,0,Urban,0
834,Male,Hispanic,25-34,60176.86429063697,715.1260321627352,3,Urban,1
835,Male,Hispanic,55+,76841.81016367214,728.6496732205973,15,Urban,1
836,Female,White,55+,36156.932112142546,723.4144753263834,15,Rural,1
837,Male,White,18-24,61261.1088241143,759.6247575771987,0,Urban,1
838,Male,Asian,45-54,60889.750634968266,711.9708998386203,5,Rural,1
839,Male,White,25-34,60887.44994830301,704.047604710436,4,Suburban,1
840,Male,White,25-34,73714.53706748043,691.1307809596597,3,Suburban,1
841,Male,White,45-54,90812.71951619154,720.4792974223456,8,Urban,1
842,Male,White,55+,76654.03660299705,657.5531581683751,13,Urban,1
843,Female,Black,55+,47955.60601786746,632.4067085481377,1,Urban,0
844,Male,Asian,35-44,54487.799702174976,527.8993338896342,0,Urban,1
845,Male,White,25-34,67131.93343103614,677.9071298115593,0,Suburban,1
846,Male,White,45-54,76355.6341641471,762.781566339874,5,Rural,1
847,Female,White,25-34,57479.240340900265,741.0809876236723,4,Suburban,1
848,Male,Hispanic,35-44,70045.8181447739,701.372736311621,2,Suburban,1
849,Male,Black,25-34,66141.12967198106,523.4105857573452,0,Urban,1
850,Male,White,45-54,67540.57873524398,684.4635066094794,1,Urban,1
851,Female,Hispanic,25-34,43788.61911187602,686.9087335498208,1,Urban,1
852,Male,Hispanic,25-34,76186.32334154211,676.8384920603897,1,Suburban,0
853,Female,Hispanic,55+,47803.549844662455,615.5697522864879,6,Rural,0
854,Male,Asian,18-24,78155.08290940104,688.6798978554762,16,Suburban,1
855,Male,White,35-44,79614.24832958519,794.6613239811701,3,Urban,1
856,Male,Hispanic,25-34,54443.60510201404,636.7593171236638,5,Urban,0
857,Male,White,18-24,81473.32685513479,650.079029907374,4,Suburban,1
858,Male,Hispanic,18-24,77239.48753146005,667.3584641416618,1,Urban,0
859,Male,Hispanic,25-34,81982.90392426956,566.2600999853457,5,Rural,0
860,Female,Hispanic,55+,45080.43095130517,711.4832754006536,5,Rural,0
861,Male,Hispanic,25-34,79512.54656954613,642.5418249894116,0,Suburban,0
862,Male,White,55+,74364.26460813878,651.8178700525776,10,Urban,1
863,Male,White,35-44,82707.68806435139,735.151147229609,3,Urban,1
864,Male,Asian,35-44,54544.70514325947,653.2316654797668,8,Urban,1
865,Male,Asian,35-44,68982.20951420294,656.3745362220242,12,Urban,1
866,Male,White,35-44,75314.91562261996,759.8185994394506,5,Urban,1
867,Male,White,45-54,70530.52272417335,737.3986760415166,4,Suburban,1
868,Female,White,25-34,59972.138893330986,683.3176187925394,0,Suburban,0
869,Female,Hispanic,25-34,45221.47603964825,589.0846447712142,2,Urban,0
870,Male,Hispanic,55+,58318.56951672233,667.9875421129302,3,Urban,1
871,Male,White,55+,77970.39470879875,664.2511379853529,5,Urban,0
872,Male,White,55+,91435.4150912053,760.9918089378416,2,Urban,1
873,Male,Hispanic,35-44,61181.2065560431,736.4707626098474,3,Rural,1
874,Male,Hispanic,45-54,76861.454740423,753.8776537314174,1,Urban,1
875,Male,White,35-44,77244.17207944117,752.3337304683232,0,Urban,1
876,Female,White,35-44,71249.3254530324,634.1107267589804,9,Urban,0
877,Male,White,25-34,60564.42965816274,744.9081908183075,0,Rural,1
878,Male,White,35-44,72861.24832445361,771.3770584138678,6,Suburban,1
879,Male,White,25-34,73310.13501845158,761.7425394168614,1,Urban,1
880,Male,Hispanic,25-34,73986.69160339174,675.8715202595879,8,Suburban,1
881,Male,Hispanic,55+,66837.9937299343,646.1185041316727,4,Suburban,1
882,Male,Black,25-34,70386.06069208817,645.0439775770753,2,Rural,1
883,Male,Hispanic,18-24,57234.636554586294,655.6071254002005,1,Urban,1
884,Female,White,18-24,63903.66194395375,706.2084005952195,1,Rural,1
885,Male,White,55+,94938.62939232595,722.1656102000155,0,Rural,1
886,Male,White,35-44,92159.07631132693,737.2828071240457,10,Rural,1
887,Male,White,35-44,89883.94677691428,795.4650543523497,0,Suburban,1
888,Male,Hispanic,45-54,57595.09893667841,700.836320861229,13,Suburban,1
889,Male,Asian,45-54,74533.97533237979,715.8455498305032,1,Urban,1
890,Female,White,25-34,80847.12921231016,680.4515444408999,7,Suburban,1
891,Female,White,45-54,56805.099294273314,733.9487666994569,8,Suburban,0
892,Female,Hispanic,45-54,21669.6970985726,689.6291718067738,1,Suburban,1
893,Male,White,45-54,90990.54515478689,769.1504653281526,2,Urban,1
894,Male,White,25-34,89477.96418457865,786.4099653185259,6,Suburban,1
895,Male,Hispanic,55+,48182.714646711654,633.4076001700575,1,Rural,1
896,Male,Black,35-44,70102.74586836016,637.8846730927821,2,Urban,0
897,Female,White,25-34,56090.7694047526,718.1974271884538,3,Rural,1
898,Male,White,35-44,75073.62681423567,651.1462799642958,1,Suburban,1
899,Male,Hispanic,18-24,78854.86340518089,656.4862009131201,7,Rural,1
900,Male,White,18-24,57697.37269515655,774.3916599701852,3,Urban,1
901,Male,White,45-54,86799.13410425698,840.3004532281707,3,Urban,1
902,Male,Hispanic,18-24,51810.31501697489,652.8156383604298,8,Rural,0
903,Male,White,35-44,64157.56246388291,720.2941705457965,7,Urban,1
904,Male,Hispanic,35-44,55488.15629612044,638.3970652838136,3,Rural,1
905,Female,White,18-24,54233.98223257029,667.3360544163195,2,Urban,0
906,Female,Asian,55+,62551.45788374904,637.6678317122971,3,Suburban,0
907,Male,White,25-34,69644.42920301206,681.7728904653725,3,Urban,0
908,Male,White,25-34,78316.47667125762,675.9585982367444,4,Suburban,1
909,Male,White,25-34,77853.99376721687,734.8536808990385,12,Urban,1
910,Male,White,25-34,71001.00009890684,683.7426115830393,11,Urban,1
911,Male,Hispanic,18-24,63377.17552832586,662.1098117908047,2,Urban,1
912,Male,Asian,45-54,65583.70290817895,635.3907563463312,2,Urban,0
913,Male,White,55+,98517.71838972054,720.9155376315673,10,Rural,1
914,Male,White,25-34,67265.44155966569,812.2021906274276,8,Rural,1
915,Male,Hispanic,45-54,46966.82746311281,660.328425005551,0,Urban,1
916,Male,Hispanic,45-54,73567.37421470459,693.4697850401677,0,Suburban,1
917,Female,White,45-54,63617.6199210385,729.6081054330343,12,Urban,1
918,Female,White,35-44,64504.95723778035,701.4170427267256,1,Suburban,0
919,Male,White,25-34,68725.57164523499,722.3784812527131,0,Rural,1
920,Female,Hispanic,25-34,45661.26537020811,731.7690202606178,1,Rural,0
921,Male,White,45-54,80674.88721129979,678.9881438758964,0,Urban,0
922,Female,Black,45-54,40520.38661550025,549.7800798210681,3,Suburban,0
923,Female,White,25-34,46319.258914680104,640.995531108985,16,Urban,0
924,Male,Hispanic,25-34,63551.21438052113,665.7032579230406,2,Rural,0
925,Male,White,55+,71208.98251651252,757.0112699685372,0,Urban,1
926,Male,White,45-54,80793.46759756775,801.3948115247302,4,Suburban,1
927,Male,White,55+,62542.575497663296,738.6680790081889,3,Suburban,1
928,Male,Black,45-54,42309.49696260601,630.6468173572189,14,Suburban,0
929,Male,White,25-34,79901.81517490742,767.6467735024015,0,Urban,1
930,Male,White,35-44,74821.0502299165,676.0010477967267,0,Rural,1
931,Female,White,45-54,37305.02135502591,676.839190523951,5,Urban,0
932,Female,White,18-24,58042.147290314184,655.9285678879518,1,Suburban,0
933,Male,Black,35-44,69665.44250520613,605.8487849329936,0,Urban,1
934,Male,Hispanic,45-54,65294.30591677552,691.1265282135739,1,Urban,0
935,Male,Hispanic,25-34,59134.71006907364,649.8404382654288,22,Suburban,0
936,Male,White,45-54,76072.07962040133,710.1297618456648,2,Urban,1
937,Female,Hispanic,35-44,34419.272641464864,776.0940532361785,6,Urban,0
938,Male,White,55+,81975.86970339199,690.1712861924107,1,Urban,1
939,Male,White,18-24,60892.00306372944,729.097430275863,9,Urban,0
940,Male,White,25-34,75291.90503935567,760.1906065458605,2,Suburban,1
941,Male,White,35-44,83491.42605932191,669.7654706939535,3,Rural,1
942,Male,Hispanic,25-34,63619.176653385184,693.1759825495818,5,Urban,0
943,Female,Hispanic,45-54,78159.8590372273,558.6207513209654,1,Urban,0
944,Male,Hispanic,45-54,48744.55966437939,523.4159811375436,6,Urban,0
945,Male,White,18-24,73283.14922630717,745.4450541305678,0,Urban,1
946,Male,White,35-44,105982.99434071258,743.0742374391409,0,Suburban,1
947,Female,White,35-44,63788.33632689479,748.5571981469812,3,Suburban,1
948,Female,White,25-34,71771.84963184339,728.6091820018049,3,Urban,1
949,Male,White,55+,73754.77575561135,606.8461530709478,4,Urban,1
950,Male,White,45-54,86032.17572053659,808.1292958181666,0,Urban,1
951,Male,White,45-54,65541.36692103675,728.5392666032213,0,Rural,1
952,Male,White,45-54,50646.87668217112,734.8550371126188,4,Rural,1
953,Female,Hispanic,35-44,48583.790169894724,606.4385119536793,0,Urban,0
954,Male,Asian,55+,65337.190549010535,678.7668696012254,5,Urban,1
955,Male,Asian,45-54,58506.896246296106,644.5211317802775,18,Rural,0
956,Male,Black,45-54,54031.052152680284,540.3075791300181,5,Rural,0
957,Male,White,55+,57355.51827769441,721.9058614008851,0,Urban,1
958,Male,Black,25-34,48968.15618766907,659.9958313320639,0,Urban,1
959,Female,Hispanic,45-54,56726.25760871953,745.2615401454094,2,Urban,1
960,Male,White,25-34,62723.20035543943,683.1592998869542,5,Suburban,1
961,Male,White,25-34,60434.12026740637,803.7263478816699,2,Urban,1
962,Male,Hispanic,25-34,72209.96952905635,644.9506572927403,3,Urban,1
963,Male,White,55+,56311.96941717529,727.0857269924877,1,Suburban,0
964,Male,White,55+,77431.3465513849,703.9211796121193,1,Urban,1
965,Male,White,45-54,65931.92273973141,794.5472355490202,2,Suburban,1
966,Female,White,45-54,37764.25832062803,661.8608073468753,0,Urban,1
967,Male,White,35-44,85823.53873162309,672.9027972033771,5,Urban,1
968,Male,White,55+,71651.97012555499,631.9559144659568,1,Suburban,0
969,Male,White,35-44,73413.48816530987,734.292464982458,1,Urban,1
970,Male,White,25-34,68465.37104275193,699.138290247864,5,Rural,1
971,Female,Hispanic,25-34,36400.30809880825,697.7903074913926,6,Suburban,0
972,Female,White,45-54,43821.993861846626,712.8608974300993,5,Urban,0
973,Male,White,45-54,75963.69240059996,675.1822796646876,2,Suburban,1
974,Male,White,25-34,81722.93408040403,656.6991066222539,10,Urban,1
975,Male,Asian,18-24,51091.05868741229,626.9739799267755,1,Rural,1
976,Male,White,45-54,52339.479058507175,684.8005687784295,12,Urban,0
977,Male,White,18-24,61094.05139067942,638.735371703626,2,Suburban,0
978,Male,Hispanic,45-54,69509.62634776477,719.846129909118,4,Urban,1
979,Male,Hispanic,55+,75224.48272855925,648.5528953976847,0,Urban,0
980,Male,White,35-44,75375.41841486821,779.9656853686006,2,Rural,1
981,Female,Hispanic,25-34,70915.76369778549,669.1462597890942,0,Rural,1
982,Male,White,45-54,73480.3261768396,776.4875171104031,2,Urban,1
983,Male,White,45-54,73162.66725233196,668.2632388813421,3,Urban,1
984,Female,White,35-44,76713.47575437475,681.644691759516,2,Rural,1
985,Male,White,55+,76010.33487982796,749.4892797247476,8,Rural,1
986,Male,Hispanic,18-24,62650.757284790256,617.9750026588263,2,Urban,1
987,Male,White,35-44,85886.14701319352,746.3592454997033,0,Urban,1
988,Male,White,45-54,81458.90420275893,676.5066666250153,3,Urban,1
989,Female,Hispanic,55+,51630.66343885578,598.5052846633407,14,Rural,0
990,Female,Hispanic,25-34,32476.229048590034,589.4397708788232,4,Urban,0
991,Male,White,45-54,77537.06719491813,682.6743208200123,8,Urban,1
992,Male,Black,35-44,50332.9810929734,580.5297742069417,7,Suburban,0
993,Male,White,25-34,73421.57978959917,696.6174900335565,3,Urban,1
994,Male,Hispanic,18-24,81734.41885622985,703.8217556751076,2,Urban,1
995,Male,Hispanic,55+,78574.61365683298,768.1581491830096,3,Urban,1
996,Female,Asian,25-34,36791.21644622683,675.3613061914151,0,Urban,1
997,Male,White,25-34,72079.24698393457,701.8914786249833,3,Urban,0
998,Female,White,25-34,64928.8397185187,756.6089999603861,7,Suburban,1
999,Male,White,55+,64013.450368779166,628.154616875665,2,Urban,0
